merge|one million|1 Million
replace|aibye|abiye
merge|abiye gömlek|abiye bluz
merge|gece kıyafeti,gece elbisesi,parti elbisesi,parti elbise|abiye elbise
replace|acedemia|academia
merge|adi das,adaidas,addas,adiidas,aadidas,adidass,addidas,asdidas,adidad,adidas gazalle,niteball,adi2000 ,adidas terex|adidas
replace|aero|aeropostale
replace|aganda|agenda
replace|antfiriz,antfris,antfiris,antifriz|antifiriz
replace|iphone xr ,iPhone xr 64 gb,iphone xr 64 gb|apple iphone xr
replace|applewatch|apple watch
replace|my way|armani my way
merge|si|armani parfüm
merge|atpco,atp.co,at.p.co|AT.P.CO
merge|kaşkol,erkek kaşkol|atkı
merge|spor atlet,sports top,tank,singlet,crop atlet,atlet,sports atlet,spor atleti|atlet
replace|ayakkabımodel,ayakkabımodelleri,ayyakkabı,ayyakkabi,ayalkabı,ayakabı,ayakabı,aykkabı,ayakkabısı,ayakkkabı,ayakkbı,aykkabi,ayskkabbı,ayyakbı,ayyakapı,ayyakabi,akkabı,ayakkabbı,ayyakabı|ayakkabı
replace|bg store,b&g store,b&g,b & g store,B&G store|b&g store
merge|baöbi|bambi
merge|baby,bebek kıyafet,bebek giyim|bebek
merge|erkek bebek ayakkabı|bebek ayakkabı
merge|prima,molfix,molfiks,molfixs,prima bebek,primabebek,molfixbebekbezi,molfix bebek bezi,prima bebek bezi|bebek bezi
merge|belçantası|bel çantası
merge|besiktaş forması,bjk,besiktas,beşiktaş kravat,kartal yuvası,kartalyuvası,beşiktaş futbol forması,beşiktaş futbol|beşiktaş
merge|bey men,beyman,beymen,by men,beymen plus,beyöen,beymen business,beymen businiss|beymen
merge|beymenclub,beymenklup|beymen club
replace|beymencüzdan|beymen cüzdan
merge|emilio guido|beymen erkek
merge|beymenkartlık|beymen kartlık
merge|beymensırtçantası|beymen sırt çantası
merge|biotherm|bioderma
merge|brikenstock,birikenstok,birikenstock|birkenstock
merge|blackpepper,blackpeper,black peper,black paper|black pepper
merge|el blender,bilendir,bilender,el bilendiri|blender
merge|blu|blue
merge|buluz,büluz,buliz,bulüz,bulız.bülüz|bluz
merge|babi brown,babibrown,bobibrown|bobbi brown
merge|Bobbi Brown|Bobi Brown
replace|boğazlıkazak|boğazlı kazak
replace|baksir,bokser,baxir,baksor,baxer,baxır,baksır|boxer
merge|bsl|bsl
merge|burberry hero,burbery hero,burrbery hero,burbary hero,burberry hiro|burberry hero
merge|büyük beden elbise,buyuk beden elbise,büyük beden abiye,buyuk beden abiye,abiye elbise büyük beden|büyük beden
merge|bulgari,bulvari|bvlgari
replace|calvin clein,calvin clain,kelvin klein,kelvin clein,kalvin klayn,ck,celvin klein,calvinklein,calvin klayn,celvin kılayn,ck,calvin clean|calvin klein
merge|champer|camper
merge|canta,çanya,çantası,çantalar,çantaları,mavi çanta,kol çantası,bag|çanta
replace|Karolina Herrera,212 sexy men,212 sexy,212 parfüm,sexy212,sexy 212,212sexy,212sex,sexy,sexy men,212 sexy man,sexy man|Carolina Herrera 212 man
merge|caterpillar ayakkabı|cat ayakkabı
merge|caterpillar bot|cat bot
merge|cat,caterpiller,caterpillat,katerpilır,katelpilır,cattelpillar ,çat|caterpillar
merge|çaydanlık|çaydanlık takımı
merge|blazer,blazer ceket,günlük ceket,oversize ceket|ceket
replace|chico,çiko,cico,chiko|chicco
merge|yağmur çizmesi,topuklu çizme,yağmur botu,ugg,ugg ultra mini|çizme
replace|Klarins|Clarins
merge|clinique,cliniq,klinik,clinik,cliniq,kılinik|clinique
merge|erkek cocuk mont,erkek çocuk mont|Çocuk Mont
merge|colins,kolins,conıs|colin's
merge|bez ayakkabı ,convers ,konvers ,converswe ,converese ,converss ,converse chuck taylor 70,converse chuck 70,chuck 70|converse
merge|cartez,cortes,cortiz,kortez,kortes,kartez,korteks,cortex,corteks|cortez
merge|kozmetik,cosmetic,cosmetics|cosmetics
merge|courtroyale,cortroyal,court royal,kourt royal,kortroyale,kort royale,cortroyale,cort royale,cort royal|court royale
merge|ceocs,kroks,kıroks,cross,crocs,crocs bayaband,crocs terlik,crocs clog,crocs classic|crocs
merge|kartlık|cüzdan
replace|d bu divarese,d bay divarese,dv divarese,di bay divarese|d by divarese
merge|danielwellington|daniel wellington
merge|deyvid bekım|david beckham
merge|dc|dc shoes
merge|dekoristan|decoristan
merge|defakto,defocto,defakto,de fakto|defacto
merge|denim jacket|denim ceket
merge|jean,kot pantolon,kot,pantolon|denim,kot pantolon
merge|mayosort,mayo sort,mayo şort,yüzme şortu,şort mayo|deniz şortu
merge|denokids|deno kids
merge|dericompany|deri company
merge|derimont|deri mont
merge|deripantolon|deri pantolon
merge|dıvarase,diveres,diverese,dıraves|divarese
merge|dizüstü çizme|diz üstü çizme
merge|Dolce gabanna|Dolce & gabanna
merge|downshiftir,down shifter,davnsifter,davn shifter,davn siftir,down sifter|downshifter
merge|abernon,ebernin,ebernan,eber noon,eberno,bernon|ebernon
merge|el valizi,kabin valiz|el valizi
merge|albise,elnise,elibise,elbşse,bayram elbisesi,kışlık elbise,tesettur elbise|elbise
merge|jpg elixir,jean paul gaultier le male elixir,le male elixir,le male elixir edp,Le Male|Elixir Parfüm
merge|emayetencere|emaye tencere
merge|emsey,emijey,emisey,emkey,emcey,mjey|emjey
merge|man,mans,bay,bayım|erkek
merge|erkekatkı|erkek atkı
merge|erkekayakkabı|erkek ayakkabı
merge|Erkek Palto|Erkek Kaban
merge|Erkek Mon|Erkek Mont
merge|erkekmont|erkek mont
merge|erkeksaat|erkek saat
merge|Başörtü|Eşarp
merge|tesettür|eşarp
merge|eşorfman,esorfman,eşortman,esortman|eşofman
merge|eşofmantakımı|eşofman takımı
merge|este lauder|estee lauder
merge|fabrikamont|fabrika mont
merge|fenerium,fb,fenerbahçe,fenerbahçe forması,fb forması,fsk forma|fenerbahçe
merge|frenc pres,frenc press,french pres,french kupa|french press
merge|gön,gön deri|g.ö.n
merge|gs store|galatasaray
merge|galatasaray forması,gs forma,gs forması,osimhen forma,galatasaray ürünleri,gs forma,gsk forma|galatasaray
merge|gap hırka|gap eşofman üstü
merge|seksi gecelik,sex gecelik,sexy gecelik|gecelik
merge|kayano,gel kayano|gel-kayano
merge|georgehogg|george hogg
merge|gömlegi,gömlekleri,gönlek,gönlegi,gömlekk,gömleki,gomlke,gömlke|gömlek
merge|gora tex,goratex,gora tek,goretex,gorotex,gore-tex,su geçirmez bot|gore tex
merge|güneş gözlüğü,kar gözlüğü|gözlük
merge|guesd|guess
merge|guess çanta,Gues çanta|guess çanta
merge|guess telefon kılıfı|guess kılıf
merge|polarize güneş gözlüğü|güneş gözlüğü
merge|güneş krem|güneş kremi
merge|halisaha,halısaha|halı saha
merge|hamile,gebe,hamile tulum,hamile kıyafeti,hamile giyim,hamilelik|hamile elbise,hamile giyim
merge|hamile abiye|hamile elbisesi
merge|hummer jack|hammer jack
merge|gift card,hediye çeki,gift kart|hediye kartı
merge|hellyhansen|helly hansen
merge|hom end,homent|homend
merge|hurache,huareche,harache,harece,hua reche,huyareche,huarec,huarace,huarashe,huaraşe,huareşe|huarache
merge|hamell,humell,hummalı|hummel
merge|hamell,humell,hummalı,hammıl|hummel
merge|hummerjack|hummer jack
merge|içgiyim,iç çamaşırı,boxer,sutyen,sütyen,jartiyer,tanga,atlet,külot|iç giyim
merge|inwigor,invikor,invicor,ivigor|invigor
merge|ipek yol,ipekyol yeni sezon,miss,miss ipekyol|ipekyol
merge|ipekyol abiye|ipekyol elbise
merge|iphone11|iphone 11
merge|iphonexs|iphone xs
merge|jack&jones|jack jones
merge|jeck jones,jack & jones,jack cones,jek jones,jackjones,jack and jones|jack jones
merge|kot,cin,jin,ciyn,denim|jean
merge|kotceket,jeanceket|jean ceket
merge|jpg|jean paul gaultier
merge|scandal,skandal,sıkandal|Jean Paul Gaultier
merge|kot pantolon|jean,denim
merge|denim|jeans
merge|Palto|Kaban
merge|katia and bony,katia&bony,bony,katia,katia & bony|kadia & bony
replace|bayan,kadin|kadın
merge|Bayan Elbise|Kadın elbise
merge|genç kız giyim|kadın giyim
merge|kadınkaban|kadın kaban
merge|kadınmont|kadın mont
merge|Mont Kadin|kadın mont
merge|türk kahve makinesi,türk kahve,filtre kahve|kahve makinesi
merge|kahve makinası,espresso makinesi,espresso makinası,filtre kahve makinesi,filtre kahve makinası,türk kahvesi makinesi,türk kahvesi makinası|kahve makinesi
merge|kalem kutu,kalem kutusu|kalem çanta
merge|kalemlik|kalem çantası
merge|benetton kalemlik|kalemlik
merge|kapşön,kapşönlü,kapsionlu,kapsiyonlu,kapsiyönlü,kapşon,kapşonlu|kapüşon
merge|kapişonlu ,kapşonlu|kapüşonlu
merge|Hoodie|Kapüşonlu Sweatshirt
merge|kaşekaban|kaşe kaban
merge|snowboard|kayak
merge|kayakmontu|kayak montu
merge|knetix,kinetiks,kinetik,kinetic,knetik,knetiks|kinetix
merge|genç kız elbise|kız çocuk elbise
merge|kundura|klasik ayakkabı
merge|Kundura|Klasik Ayakkabı
merge|sıfır kol|kolsuz
merge|koltuk takımı|koltuk,kanepe
merge|corres|korres
merge|coton|koton
merge|dermokozmetik,kozmetik|kozmetik
merge|Ruj,Göz Bakımı,Vücut Bakım Seti,Onarıcı Krem,Güneş Set,Güneş Ürünleri,Parfüm,Parfüm Set,Cilt Bakım,Nemlendirici,Serum,Makyaj Set,Saç Bakım,Ten Makyajı|kozmetik
merge|kranpon,crampon,cranpon,krampone,cranpone,krampon,kiranpon,kranpon,grampon ,futbol ayakkabısı,halı saha ayakkabısı|krampon
merge|kıravat,kravat set,gravat,gıravat|kravat
merge|kreş çantası,anaokulu çantası|kreş çantası
merge|küçük boy valiz,kabin boy valiz|küçük boy valiz
merge|küçük boy valiz,kabin boy valiz,kabin bagaj,kabin boy küçük boy valiz,kabin boy valiz,kabin bagaj|küçük boy valiz
merge|küçük valiz,kabin valiz|küçük valiz
merge|kilot|külot
merge|la gazetta|la gazzetta
merge|lamer|La Mer
merge|la vi|la vie
merge|lacost,lakost,lacos,lakos,lakoste|lacoste
merge|la vi,la vie|lancome
merge|loafer,lafer,lofer,lofir,lafir|laofer
merge|bilgisayar|laptop
merge|Bilgisayar Çantası|Laptop Çantası
merge|laura asley,lauraashley|laura ashley
merge|lecoper,licooper,leekuper,lee cooper harry,leecooper|lee cooper
merge|levis,levi,lewis,lives,livays|levi's
merge|levis501|levis 501
merge|art pieces|levis denim ceket
replace|lcw,wakiki,lcv,lcwaikiki,lc vaikiki,lc waikiki,waikiki,lc vaikiki lcvv,lcww,lcvaikiki,lc wakiki|limon company
merge|limon kompany,limon campany|limon company
merge|loreyal,loreal,loreal paris|l'oreal
merge|loreyal,loreyel,loreal|L'Oréal
merge|moschino çanta,love moschino çanta,moscino,moshkino|Love Moschino
merge|lovesyou|loves you
merge|lamberjack|lumberjack
merge|lumber jack,kamburjack,lumber,lumberjakt,lumbarjeck,lumbercak|lumberjack
merge|madam coco,madame koko,madam koko|madame coco
merge|makinası|makinesi
merge|suluk|matara,termos
merge|maybeline,meybılin|maybelline
merge|haşema,yüzme şortu,şort mayo,deniz şortu|mayo
merge|mayosort,mayo sort,mayo şort,yüzme şortu,şort mayo,deniz şortu|mayoşort
merge|mdrunner,mdrun,mdranir,mdroner,emdiranir,mdrunir|md runner
merge|yazlık mont|mevsimlik mont
merge|mikro dalga|mikrodalga
merge|mikro dalga,micro dalga|mikrodalga
merge|manomoda,mona moda|monamoda
merge|spor mont ,gocuk|mont
merge|morhipoxdcey|morhipo x dcey
merge|nameit|Name it
merge|nat geo,national geo|national geographic
merge|netvork,net work,net vork,netvörk,network outlet|network
merge|newbalance,niv balans,nev balance,newblance,newbalans,new balance 620 gorotex,new balance 620 gt,new balance 990,new blance,new balance 574,new balance 452,new balance 327,nb,9060,530 new|new balance
replace|nb 327|New Balance 327
merge|ng style,ng stil,ngstil|ngstyle
merge|nayk,nike com,nike.com,nike online,nike.com.tr,nike giyim,tech fleace|nike
merge|nike dunk|nike
merge|nike jordan|nike air jordan
merge|airmax90,airmax montion,air mex 270,nike air,air mex,airmax 90,iarmax,iar max,air max 270,air 270,air 97,air max 200,air max|nike air max
merge|air force,air force 1,nike air force 1,nike dunk low,dunk low,Nike air monarch,Nıke air monarch,air force shadow |nike ayakkabı
merge|nike dunk ayakkabı|nike ayakkabı
merge|react element|nike ayakkabı
merge|Nike Erkek Spor Ayakkabı|Nike erkek ayakkabı
merge|nike tech fleece,nike tech ,Nike tech|nike eşofman
merge|nike pantolon|nike eşofman altı
merge|nike dans|nike kadın
merge|nike yoga|nike kadın
merge|Nike hırka,Nike eşofman üstü|Nike sweatshirt
merge|niketayt|nike tayt
merge|NIMBUS 26,asics nimbus 26,,gel-nimbus,GEL-NIMBUS|nimbus 26
merge|ninewest|nine west
merge|niteball,Niteball,nitebal,NİTEBALL|NITEBALL
merge|out door,aut dor,aut door,out dor,autdor,autdoor,outdor,outtor|outdoor
merge|waterproof ayakkabı,su geçirmez bot,su geçitmez ayakkabı,waterproof bot|outdoor ayakkabı
merge|kaz tüyü mont,kar tulumu|outdoor mont
merge|salaş,salaş t-shirt,salaş tişört,oversize tişört,oversize t-shirt|oversize t-shirt
merge|pantalon,pantılon,pantalan,pantolonları,indirimdeki pantolonlar,indirimli pantolonlar,kampanyalı pantolonlar|pantolon
merge|bol paça,boru paça,ispanyol paça,dar paça|pantolon,eşofman
merge|prfüm,prfum,parfum,parfm,prfm,parfümleri,parfüm set,edp parfüm,edt parfüm,parfüm,parfum,fragrance|parfüm
merge|Peluş|Pelüş
merge|peluşkaban|peluş kaban
merge|penyemood|penye mood
merge|pipil bay,pipil by,pipılby,pipıl,pipılbyfabrika,pipılbay|people by fabrika
merge|zara|people by fabrika
merge|can oker|pierre cardin
merge|pier kardin,pier cardin,piercardin,riere cardin,piere cardin,piyer cardin,piyercardin,piyerkardin,piyer kardin,piercadn,piercarden,piercardın,pierecardin,pierkardin,Pyarkardin|pierre cardin
merge|pijamatakımı|pijama takımı
merge|pilaj|plaj
merge|plaj kıyafeti|plaj
merge|lacoste yaka,gömlek yaka,polo tişört,polo t-shirt|polo yaka
merge|popit,fidget|pop it
merge|prfüm,prfum,parfum,parfm,prfm,parfümleri,parfüm set,edp parfüm,edt parfüm,parfüm,parfum,fragrance|parfüm
merge|puma suede,puma roma,puma mercedes,puma jelly glitter|puma
replace|puma roma|puma roma ayakkabı
merge|puma hırka|puma ceket
merge|pumasmash|puma smash
merge|quik silver,kuiksilver,kuiksilvır,qiksilver,quksilver,cuviksilver,guilsilver,oiksilver|quiksilver
merge|paco rabanne|Rabanne
merge|rayban,reyban,reyben,ray ban,rey ban,ray-ban,rey-ban,rayban gozluk,reybın,rey bın,rayban wayfarer,rayban 2140|ray-ban
merge|ribuk,rebuk,riybak,ribayk,reebook,ribak,rebok,rebook|reebok
merge|revulition,revolation,revoluton,revaluton,revalution,revolusion|revolution
merge|rıders by lee|riders by lee
merge|maskara,rimel|rimel
merge|çift saatleri,çift saat,çiftsaat|saat
merge|solomon,salamon,salomon outdoor ayakkabı,salomon bot,solomon bot|salomon
merge|yazlık ayakkabı|sandalet ,terlik
merge|kasket|şapka
merge|skandal|scandal
merge|sefir|schafer
merge|şefır,şefir,scaffer,schfer|schafer
merge|şefır,şefir,scaffer,schfer|schaffer
merge|zigon sehpa|sehpa
merge|şilebezi|şile bezi
merge|okul çantası,okul cantasi,sırt çantası|sırt çantası,okul çantası
merge|şişmemont|şişme mont
merge|siyahkaban|siyah kaban
merge|skchers,sikeçırs,sikeçirs,scechers,skachers,skecher,skechers,sheckers,skecler,sketcher,schekers,sckechers,shekers,d lite,skechers d'lites, dlites|skechers
merge|skiphop|Skip hop
merge|slezenger,silazenger|slazenger
merge|slip stop|slipstop
merge|snekars,snikers,sneakirs,snekar,snekears,snakers,ayakkabı|sneakers
merge|sofra takımı,yemek takımı|sofra takımı,yemek takımı
merge|yapay şömine|şömine
merge|sobe,sobee|soobe
merge|short|sort
merge|basketbol şortu|şort
merge|short|şort
merge|şort|şort mayo
merge|sipor ayakkabı,sporayakkabı,spor ayakkbı,spor ayakkab,spor ayakkap,spor ayakabı,spor ayakkapı,spor ayakakbı,spor aykkabı,spor aykabı|spor ayakkabı
merge|snekars,snikers,sneakirs,snekar,snekears,snakers,ayakkabı,spor ayakkabı|spor ayakkabı
merge|snekars,snikers,sneakirs,snekar,snekears,snakers,sneakers,sneaker,sneakers |spor ayakkabı
merge|spor ayakkabı,lifestyle ayakkabı,yürüyüş ayakkabısı,günlük ayakkabı,koşu ayakkabısı|sport ayakkabı
merge|stansmith,atan smith,stan,sthan|stan smith
merge|stanley,sitenlay,stenley|stanley
merge|stanley,termos|stanley
merge|stafanal|stefanel
merge|kettle,ketıl,ketil,ısıtıcı,su ısıtıcı|su ısıtıcı
merge|super ga,supaga|superga
merge|super star,superstart,adidassuperstar,adidas süper star,süper star,adidas dragon|superstar
merge|elektrik süpürgesi,elektrikli süpürge|süpürge
merge|süeter|süveter
merge|swaroski,savarovski,savaroski,sıvarovski,swarowsky,savaroski,sıvaroski,svarossysk|swarovski
merge|svetpant,svet pant,swetpant,sweatpant|sweatpant
merge|sivetşört,sivitşört,swertsot,swetişhort,sweatşort,sweatceket,sweetshirt,svitsirt,svetsort,swetsort,switsort,sweatshirt,sweatshırt,swetshirt,svetshirt,svet shirt,,svetşört,sweat|sweatshirt
merge|kolye,küpe,bileklik,saç aksesuarı,yüzük,takı seti,broş,halhal,bileklik seti,takı kutusu,şahmeran|takı
merge|takımelbise|takım elbise
merge|tan jun,tanjuun,tanjin,tenjun,ten jun,ta jun|tanjun
merge|pan|tava
merge|tbox,t boz,t-boz|T-Box
merge|tcibo|tchibo
merge|telefon çantası|telefon kılıfı
merge|temizco|temizco
merge|düdüklü tencere|tencere
merge|tesettür mayo,kapalı mayo,tesettür tunik,tesettür giyim|tesettür
merge|tete bleue,tet blu,tete blu|tete blue
merge|nort feys,di nort feys,nortfeys,northface,thenorthface,nortface|the north face
merge|Timberlend|Timberland
merge|t-shirt,thisört,thişört,tshirt,t shirt,tsort,tşört,tşört,tşort,tsirt,t-shrit,thsirt,tsört,thisort,teeshirt,tsirth|tişört
merge|tods|tod's
merge|tom ford|tomford
merge|tommy jeans çanta,tommy hilfiger çanta,tommy canta,tommy hilfiger canta|Tommy Çanta
merge|tommy,tonny,tomy hilfiger,tommyhilfiger,tomi hilfigır,tomihilfigır,tomyhelf,tomi hifır,tomi hilfiger|tommy hilfiger
merge|topukluayakkabı,stiletto,abiye ayakkabı|topuklu ayakkabı
merge|tiriko|triko
merge|trikoelbise|triko elbise
merge|abiye kazak|triko kazak
merge|büyük beden tunik,buyuk beden tunik|tunik
merge|tv,televizyon,ambilight|televizyon
merge|tvist,tvis|twist
merge|uspa,uspoloassn,u.s polo,us polo,us. polo,u.s. polo,uspolo,uspolo,us.pa,u.s polo ,uss polo,uspa,us polo,uspolo|u.s.polo assn.
merge|ugg ultra mini|ugg
merge|underarmour,under arour,ander armor,under armor,underarmor,under amour,under armour phantom|under armour
merge|wakko|vakko
merge|valentine çanta,valentine|Valentino
merge|kabin valiz,kabin boy valiiz|valiz kabin
merge|bavul,valiz,suitcase|valiz,bavul
merge|vans çanta,vans sırt çantası|vans çanta
merge|vantiratör|vantilatör
merge|versace jeans couture,versace jeans,versus versace,versace collection,versace 19v69,versace|versace
merge|viyale,vialee,vialle,vial,viele|viale
merge|waterproof ayakkabı,goretex ayakkabı|su geçirmez ayakkabı
merge|lee wrangler|wrangler
merge|yağmurçizmesi|yağmur çizmesi
merge|Yargici|Yargıcı
merge|ylondon|y-london
merge|ysl|Yves Saint Laurent
merge|zeki triko|zeki